StudentID,Name,Email,Age,Gender,City
1,Allison Hill,jillrhodes@miller.com,28,M,New Carolyn
2,Michelle Miles,shaneramirez@gmail.com,18,F,Lake Roberto
3,Daniel Gallagher,jamesmichael@munoz-roman.info,21,M,South Christianport
4,Lisa Hensley,williamsjeremy@galloway-wyatt.com,20,M,Ramirezstad
5,Henry Santiago,amandasanchez@gray-mayo.net,28,M,Lake Mark
6,Amy Underwood,nadams@hotmail.com,27,F,Jasonfort
7,Thomas Ellis,johnhoffman@yahoo.com,18,M,Hurstfurt
8,Zachary Taylor,camposmichelle@gmail.com,19,M,Port Erin
9,Janice Carlson,tasha01@hotmail.com,21,M,Kaylamouth
10,Jeffrey Chavez,williamrodriguez@hotmail.com,26,M,Meaganhaven
11,Brittany Farmer,tracy15@allen-allen.org,29,F,North Jessicaland
12,Kim Martinez,josephbrennan@yahoo.com,21,F,New Karina
13,Michelle Ross,clam@gmail.com,27,F,East Caleb
14,Julian Chapman,zimmermanbrian@whitehead.com,30,M,West Elizabeth
15,Carlos Walls,kristenaguirre@gmail.com,30,M,North Donnastad
16,John Daniel,powellmatthew@wright.net,29,F,Taylorburgh
17,David Leblanc,williamsyvette@gmail.com,23,F,Port Melindaburgh
18,John Hancock,nicholasgalloway@house-glover.com,20,M,Hortonside
19,Katelyn Lee,rileyamy@edwards.net,30,F,North Susan
20,Cody Larson,kwilson@riley.org,19,M,South Dianeshire
21,Taylor Harris,josephanderson@hotmail.com,24,M,Stephenland
22,Marc Hart,medinawilliam@mahoney.com,23,F,Justinmouth
23,Michele Carr,sarah12@wilson-rodriguez.net,27,F,West Juan
24,Grant Watts,dking@gmail.com,30,M,Calderonton
25,Ray Walsh,joycearnold@yahoo.com,29,F,North Charlesberg
26,Sandra Aguilar,tanderson@nolan-flynn.com,26,M,Jasonbury
27,Heather Castro,sarayoung@gmail.com,24,M,South Angel
28,Evelyn Galvan,erik16@garrison.com,26,F,Baileybury
29,Matthew Ross,rasmussenjoshua@hotmail.com,28,F,Frazierside
30,Alexander Wiley,beverlyterrell@gmail.com,27,M,New Ryanmouth
31,William Wilson,bradley60@frost.com,29,M,Ryanmouth
32,Mary Martinez,elizabeth56@hotmail.com,18,M,Angelaborough
33,Todd Byrd,richard04@clark-floyd.org,30,F,Stevenmouth
34,Kayla Leon,campbellelizabeth@rogers.com,19,M,Port James
35,David Alvarez,operry@lee.com,19,F,Lake Grace
36,Shannon Mcclure,gregoryrubio@hotmail.com,22,F,Williamsbury
37,Barbara Anderson,stephanie79@hotmail.com,28,F,Rivasside
38,Christopher Hensley,karen48@yahoo.com,20,F,West Scott
39,Cynthia Rogers,edwardreyes@mccarthy.biz,23,M,Riveramouth
40,Daniel Fisher,wwoods@molina-castaneda.biz,28,F,South Jeffrey
41,Allen Rogers,marycalhoun@hotmail.com,29,M,South Brittanytown
42,Jeffrey Camacho,greenmark@murphy-juarez.biz,27,M,Karenchester
43,Bradley Smith,jeffrey10@herring.com,26,M,East David
44,Kristy Robinson,gary91@gmail.com,20,F,Danieltown
45,Laura Odonnell,mdavid@gmail.com,24,F,North Heidi
46,Michael Trujillo,amanda51@holland.info,28,M,South Susanmouth
47,Jessica Gross,umarshall@hotmail.com,28,F,Marcusbury
48,Angelica Keith,qhudson@rogers-snyder.com,30,M,South Jason
49,Gina Beard,blackjames@gmail.com,21,M,Freemanbury
50,Maria Henry,phillipsrichard@torres.com,30,F,Transtad
